Equipment_ID,Equipment_Type,Age_Years,Operating_Hours,Failures_Last_Year,Maintenance_Due,Temperature,Vibration,Pressure,Inspection_Score,Previous_Incidents,Risk_Level
C0001,Compressor,12,10382,3,1,77.1,6,9.5,61,0,MEDIUM
T0002,Turbine,12,7764,3,0,86.7,4.7,10,56,1,MEDIUM
B0003,Boiler,4,6101,3,0,73.3,5.7,10.1,79,0,LOW
T0004,Turbine,16,13323,3,1,90.9,7,8.3,54,0,HIGH
T0005,Turbine,4,14031,2,0,67.7,4.5,4.7,95,0,LOW
M0006,Motor,5,13640,1,1,65.2,2.9,8,84,0,LOW
B0007,Boiler,5,8843,3,0,90.6,5.4,9.5,73,2,MEDIUM
B0008,Boiler,8,1072,3,0,85.5,5,7.8,83,2,MEDIUM
B0009,Boiler,10,6472,0,0,75.8,4.2,9.6,80,0,LOW
T0010,Turbine,17,11106,4,0,93.4,5.1,9.5,44,1,HIGH
C0011,Compressor,9,6189,1,0,79.6,3.5,8.2,78,1,LOW
B0012,Boiler,19,3472,2,0,93.6,8.3,9.2,69,0,MEDIUM
T0013,Turbine,14,12238,1,1,79.2,3.9,7.8,64,0,LOW
M0014,Motor,8,1707,1,0,67.6,3.2,3.6,82,0,LOW
C0015,Compressor,9,2804,2,1,73.9,4.2,6.9,81,0,LOW
M0016,Motor,11,7704,1,1,49.1,2.9,9.1,57,0,LOW
C0017,Compressor,1,4713,5,0,73.2,3,7.3,68,1,MEDIUM
T0018,Turbine,14,6051,0,0,72.1,3.8,6.7,62,1,LOW
P0019,Pump,5,11756,2,1,81.2,4.3,6,78,0,MEDIUM
C0020,Compressor,14,3475,4,0,88.2,6.8,10.9,60,1,HIGH
M0021,Motor,4,4610,2,1,57.5,3.8,10.1,89,0,LOW
T0022,Turbine,1,5255,0,1,56.1,2.2,5.7,92,0,LOW
C0023,Compressor,19,12015,5,1,90.1,9.6,8.7,35,0,HIGH
P0024,Pump,8,8397,1,0,73.8,3.7,6.3,82,2,LOW
P0025,Pump,15,2735,4,0,91.8,6.4,9.1,58,1,HIGH
B0026,Boiler,15,10777,3,0,94.2,6,8.7,48,1,HIGH
B0027,Boiler,9,9258,1,0,65.2,4.7,8.5,100,1,LOW
M0028,Motor,9,12253,0,1,68.8,5,7.5,80,0,LOW
C0029,Compressor,10,8979,2,0,65.1,4.1,12,76,2,MEDIUM
C0030,Compressor,20,3428,4,0,102.6,7.9,6.7,53,0,HIGH
B0031,Boiler,9,13345,0,1,72.7,3.8,4.4,81,0,LOW
C0032,Compressor,3,8426,1,0,66.5,2,6.7,89,0,LOW
C0033,Compressor,20,9533,1,0,88,5.7,4.9,55,0,MEDIUM
P0034,Pump,11,6249,0,0,74.8,1.9,4.8,85,0,LOW
B0035,Boiler,6,11966,2,1,82.8,2.2,6.1,76,3,MEDIUM
T0036,Turbine,2,6291,1,0,58.7,3.4,5.9,86,1,LOW
B0037,Boiler,7,3817,2,1,72.6,4,6.2,83,0,LOW
T0038,Turbine,18,11853,1,0,76.3,5.6,8.1,66,1,LOW
P0039,Pump,2,10424,0,1,51.1,2.3,6.2,94,0,LOW
M0040,Motor,17,4874,1,1,84.3,4.1,7,69,0,MEDIUM
C0041,Compressor,11,11593,0,0,80.3,3.6,8.3,80,0,LOW
P0042,Pump,12,10686,2,0,76.9,3.7,6.5,73,1,LOW
C0043,Compressor,19,5211,1,0,84.6,7.2,6.9,68,0,MEDIUM
M0044,Motor,7,1661,2,1,68.2,2.8,8.1,66,0,LOW
M0045,Motor,20,13075,1,0,83.7,5.5,4.4,60,0,LOW
P0046,Pump,6,14753,2,0,72.4,3,4,82,2,LOW
M0047,Motor,1,12811,3,0,53.5,4.9,8.4,79,2,MEDIUM
T0048,Turbine,17,11060,1,0,93.7,4.9,8,84,1,MEDIUM
M0049,Motor,11,11526,2,0,72.2,4.4,10.7,61,0,LOW
C0050,Compressor,18,4374,2,0,93.8,7.1,7.8,49,1,MEDIUM
C0051,Compressor,17,10208,3,0,79.3,6.7,9.1,68,2,HIGH
C0052,Compressor,7,13598,1,1,73.9,4.4,7,81,0,LOW
C0053,Compressor,17,1207,1,1,88.9,4.1,7.7,49,1,MEDIUM
T0054,Turbine,20,3665,2,0,94.1,4.7,10.1,61,0,MEDIUM
B0055,Boiler,9,3493,2,1,66.5,4.9,4.4,80,0,LOW
P0056,Pump,17,7813,0,1,82.5,4.2,7.6,61,0,LOW
C0057,Compressor,20,1632,2,1,81.5,7.2,10.8,69,1,HIGH
M0058,Motor,8,11294,0,0,65,3.1,7.4,72,0,LOW
C0059,Compressor,17,12151,3,0,97.7,6.9,10.4,63,5,HIGH
M0060,Motor,7,4083,2,0,77.9,2.5,6.7,89,1,LOW
M0061,Motor,1,13944,5,1,71.6,7.9,8.5,77,2,HIGH
C0062,Compressor,13,14711,1,0,69.7,4.5,7.4,71,2,LOW
T0063,Turbine,19,11123,1,0,91.7,6.4,4,59,0,MEDIUM
M0064,Motor,19,4719,0,0,83.7,3.8,5.2,69,0,LOW
M0065,Motor,17,8123,1,0,64.9,5.6,5.7,72,0,LOW
C0066,Compressor,13,11754,2,0,86.8,3.8,8.8,73,1,MEDIUM
M0067,Motor,16,2679,0,0,78.8,4.9,8.3,80,1,LOW
M0068,Motor,8,1236,2,0,82.6,4.2,8.1,69,1,MEDIUM
C0069,Compressor,19,8446,3,0,83.7,7,9.1,52,0,MEDIUM
C0070,Compressor,18,5443,2,1,62.6,6.9,7.4,44,0,MEDIUM
P0071,Pump,1,7770,6,1,76.7,4.9,10.6,63,3,HIGH
T0072,Turbine,14,13917,2,1,84.3,4.7,7.6,67,0,MEDIUM
T0073,Turbine,19,10732,3,1,79,7.5,8,47,0,HIGH
M0074,Motor,15,7099,1,0,72.7,7.5,6.9,90,0,LOW
T0075,Turbine,18,13135,0,0,104,4.5,8,69,0,LOW
M0076,Motor,2,14559,2,1,61.6,4.4,7,81,3,MEDIUM
P0077,Pump,17,9555,0,0,86.3,4.4,8.5,70,1,LOW
C0078,Compressor,18,3368,2,0,82.8,8.4,5.9,54,2,HIGH
C0079,Compressor,6,1285,0,0,47.3,0.8,5.4,89,0,LOW
C0080,Compressor,19,1148,1,0,85.1,5.7,8.3,71,1,MEDIUM
T0081,Turbine,4,14395,2,0,64.9,2,7.5,86,1,LOW
P0082,Pump,1,5037,2,0,59.3,0.5,6.9,84,2,LOW
T0083,Turbine,8,7549,1,0,69.1,4.3,8.6,74,0,LOW
T0084,Turbine,7,8121,1,1,70.6,3.9,6.4,72,0,LOW
P0085,Pump,3,13743,3,0,67.3,4.2,7.6,83,2,MEDIUM
P0086,Pump,10,10958,0,0,59.9,3.4,9.1,92,0,LOW
P0087,Pump,10,5895,1,0,76.9,7.9,9.6,67,0,MEDIUM
P0088,Pump,19,6280,0,1,67.9,4.5,9.4,55,0,LOW
C0089,Compressor,14,2012,2,0,65.6,6.1,7.2,68,0,LOW
B0090,Boiler,2,12023,1,0,66.9,2.2,9.1,78,1,LOW
B0091,Boiler,1,11699,3,0,69.6,4.6,6.5,80,2,MEDIUM
P0092,Pump,18,10715,4,0,93.5,7.2,6.8,46,1,HIGH
B0093,Boiler,7,3785,1,1,57.3,3.3,3.8,69,1,LOW
B0094,Boiler,8,11748,1,1,64.3,6.1,9.8,75,2,MEDIUM
P0095,Pump,1,4725,4,0,66.4,6.4,6.9,81,0,MEDIUM
B0096,Boiler,3,5576,1,0,49.7,3.3,7.1,86,0,LOW
T0097,Turbine,8,6782,1,1,64.1,1.1,5.9,77,0,LOW
M0098,Motor,15,7257,1,0,85.7,4.5,8.3,83,1,LOW
M0099,Motor,5,10793,3,0,82.9,8.1,7.3,92,0,MEDIUM
P0100,Pump,3,3408,0,0,56.1,2.2,5,79,0,LOW
C0101,Compressor,19,1340,2,1,95.6,7.6,8.3,54,0,HIGH
P0102,Pump,1,3817,4,0,53.2,6.7,6,81,2,MEDIUM
C0103,Compressor,15,3496,1,0,85.8,5.2,6,70,0,LOW
M0104,Motor,8,6962,1,1,63.6,2.9,4.1,70,0,LOW
P0105,Pump,2,14122,2,0,66.5,0.8,5.5,89,0,LOW
T0106,Turbine,3,6299,5,0,72.5,6.8,8.8,76,3,HIGH
B0107,Boiler,14,10917,1,1,89.6,3.8,4.4,58,0,MEDIUM
C0108,Compressor,14,8574,4,0,81,7.1,6,52,2,HIGH
B0109,Boiler,11,2689,4,0,88.5,5,8.2,61,2,HIGH
B0110,Boiler,16,4267,1,0,79.8,4.8,6.5,69,0,LOW
P0111,Pump,4,5406,1,0,62.7,3.3,10.3,94,0,LOW
B0112,Boiler,20,9453,2,0,89.5,6.7,10.4,63,1,MEDIUM
T0113,Turbine,5,2442,4,0,67.7,4.2,6.9,71,2,MEDIUM
B0114,Boiler,14,9597,3,0,84.9,7.6,8.7,65,0,MEDIUM
P0115,Pump,16,11382,0,1,78.5,3.7,8.1,71,0,LOW
T0116,Turbine,18,5437,4,0,95.9,5.5,7.3,61,0,MEDIUM
M0117,Motor,7,6435,3,0,75.2,5,5.7,75,1,MEDIUM
B0118,Boiler,10,9435,1,0,79.4,4.2,7.3,76,1,LOW
P0119,Pump,7,13777,3,1,81.9,5.3,7.6,69,1,MEDIUM
M0120,Motor,1,5107,0,0,48.1,3.8,6.3,89,0,LOW
M0121,Motor,19,1560,1,0,93.5,5.3,8,60,0,MEDIUM
C0122,Compressor,16,13329,2,0,75.5,5.7,6.5,69,3,MEDIUM
T0123,Turbine,19,11917,1,0,91.2,4.2,5.6,67,1,MEDIUM
B0124,Boiler,4,9785,3,0,75,5.7,8.1,79,1,MEDIUM
P0125,Pump,18,6548,0,1,66.7,4.9,7.6,61,0,LOW
C0126,Compressor,2,2826,3,0,67.7,3.9,6.1,78,0,LOW
T0127,Turbine,1,12421,5,0,67.8,3.4,9.9,84,2,MEDIUM
C0128,Compressor,15,12479,0,0,71.4,6,4.3,72,0,LOW
T0129,Turbine,5,13265,1,1,76.3,2,6.4,77,1,LOW
T0130,Turbine,20,14981,2,0,85.8,5.7,7.2,53,0,MEDIUM
B0131,Boiler,11,8629,1,0,68,4.8,6.3,76,1,LOW
T0132,Turbine,10,9325,2,0,76.6,3.5,6.8,70,0,LOW
C0133,Compressor,2,4138,2,0,69.5,1.9,10.4,94,0,LOW
T0134,Turbine,3,13111,0,0,58.4,0.5,5.7,91,0,LOW
B0135,Boiler,12,14235,3,0,91.3,6.8,11.6,79,0,MEDIUM
B0136,Boiler,20,8693,0,0,89.2,4.3,7.7,76,0,LOW
C0137,Compressor,5,9264,1,0,48.1,7,7.4,80,0,LOW
M0138,Motor,5,13686,1,0,61.3,2.3,8,88,0,LOW
M0139,Motor,6,14716,4,0,71.5,4.6,12,68,3,MEDIUM
T0140,Turbine,9,8842,1,0,75.3,3.4,5.8,77,0,LOW
P0141,Pump,2,7721,3,1,46,4.7,6.2,92,1,MEDIUM
T0142,Turbine,12,8002,1,1,96.4,3.9,6.2,64,1,MEDIUM
C0143,Compressor,3,5225,3,1,72.7,5.3,7.9,77,1,MEDIUM
C0144,Compressor,20,3978,1,1,89.2,4.5,4.7,56,0,MEDIUM
C0145,Compressor,12,8373,1,0,85.5,2.8,7.3,66,1,LOW
C0146,Compressor,17,6907,4,1,111.2,5.2,10.7,39,1,HIGH
C0147,Compressor,10,7097,0,0,77,0.8,7.2,72,0,LOW
B0148,Boiler,14,13553,2,0,89.6,4.9,7.2,60,0,MEDIUM
M0149,Motor,17,6656,1,0,84.5,4.9,6.4,43,0,LOW
C0150,Compressor,18,11177,1,0,83.9,4.6,8.6,68,0,LOW
P0151,Pump,19,9984,2,1,85.7,7.7,6.4,66,0,MEDIUM
P0152,Pump,17,14600,1,0,76.9,6.7,10.1,67,0,LOW
P0153,Pump,14,5259,2,0,76.5,5.1,10.5,55,0,LOW
P0154,Pump,9,9286,1,1,60.7,1.9,7.7,67,0,LOW
B0155,Boiler,8,6901,2,0,72.4,3.9,7.6,74,0,LOW
P0156,Pump,2,10325,0,0,45,1.6,8.5,88,0,LOW
C0157,Compressor,13,5917,1,1,79,3.9,8.9,71,0,LOW
T0158,Turbine,7,9429,4,0,77.2,5,7,78,0,MEDIUM
P0159,Pump,9,12138,3,0,78.7,4.7,7.1,63,0,MEDIUM
B0160,Boiler,11,3530,2,0,73.3,4.6,5.6,78,1,LOW
B0161,Boiler,14,2960,2,0,106.6,4.7,8.2,79,1,MEDIUM
P0162,Pump,4,8045,1,1,74.9,3.5,8.3,96,0,LOW
T0163,Turbine,13,2048,5,0,79.5,7.9,6.5,80,4,HIGH
P0164,Pump,2,6772,0,0,59.9,1.2,6.3,89,0,LOW
B0165,Boiler,5,3529,2,0,63.6,5.7,5.6,100,0,LOW
M0166,Motor,11,3964,3,0,72.4,4.6,6.6,65,1,MEDIUM
C0167,Compressor,6,8137,1,1,56.3,1.7,8.1,72,0,LOW
B0168,Boiler,18,1963,1,0,88.5,5.9,6.2,66,0,MEDIUM
P0169,Pump,10,1536,0,0,64.5,2.5,6.5,77,0,LOW
C0170,Compressor,4,14891,4,0,80.7,5.8,5.8,80,0,MEDIUM
P0171,Pump,9,8340,3,1,85.5,2.6,8.2,53,1,MEDIUM
P0172,Pump,6,8179,2,1,81,6,7.5,71,0,MEDIUM
M0173,Motor,2,8967,0,0,51.2,3.1,5.9,100,0,LOW
C0174,Compressor,17,13415,2,0,90.3,4.1,7.3,61,1,MEDIUM
C0175,Compressor,5,12871,3,0,76.6,3.1,8.2,80,1,MEDIUM
M0176,Motor,6,13379,2,1,66.2,6.3,6.4,77,2,MEDIUM
B0177,Boiler,12,12916,0,0,66.8,2.9,4.8,88,0,LOW
P0178,Pump,10,9734,0,1,82.9,2.5,9.7,61,0,LOW
T0179,Turbine,6,1845,1,0,68.8,0.9,6.4,90,0,LOW
P0180,Pump,8,12795,1,1,75.1,3.5,7.2,71,1,LOW
P0181,Pump,2,6777,1,0,54.4,2.7,8.8,94,0,LOW
B0182,Boiler,12,4036,0,0,63.2,4.7,12.3,87,0,LOW
P0183,Pump,13,6947,0,0,69.9,2.3,5.1,67,0,LOW
M0184,Motor,7,3494,2,0,70.5,2.6,8.3,71,1,LOW
M0185,Motor,10,13677,2,1,67.5,5.4,6.5,51,2,MEDIUM
C0186,Compressor,13,3719,3,1,83.4,7.3,7.1,52,0,HIGH
T0187,Turbine,17,2884,3,1,76,4.8,6.8,60,1,MEDIUM
P0188,Pump,14,13330,1,0,70,6.1,5.6,70,0,LOW
P0189,Pump,2,5349,0,0,63.4,2.3,6.9,86,0,LOW
B0190,Boiler,11,12393,2,1,82.3,6.4,5.4,60,1,MEDIUM
M0191,Motor,1,6179,1,0,56.4,2.8,8.7,82,0,LOW
T0192,Turbine,19,11902,2,0,81.4,3.2,7.7,49,0,MEDIUM
C0193,Compressor,4,7610,1,0,55.8,3.1,7.9,92,1,LOW
M0194,Motor,19,7430,0,0,80.5,6.1,6.3,56,0,LOW
C0195,Compressor,11,8154,3,0,85.7,4.7,7.3,77,1,MEDIUM
B0196,Boiler,8,14828,0,0,74.4,2.7,7.4,85,0,LOW
B0197,Boiler,11,11145,4,0,79.5,6.2,6.5,65,1,MEDIUM
P0198,Pump,4,7488,1,1,54.8,0.5,6.8,79,1,LOW
T0199,Turbine,17,5737,1,0,85.6,7.3,6,72,1,MEDIUM
C0200,Compressor,7,7525,3,0,67.9,4.1,6.6,82,2,MEDIUM
M0201,Motor,8,4850,6,0,80.9,8,5.6,64,4,HIGH
B0202,Boiler,3,1689,1,1,73.1,3,9.3,87,0,LOW
P0203,Pump,2,14564,1,0,67.6,4.5,6.3,91,0,LOW
P0204,Pump,15,11142,3,0,87.8,6.8,9.6,65,0,MEDIUM
C0205,Compressor,5,6175,3,0,61.3,4.6,9.5,76,1,LOW
B0206,Boiler,1,14774,1,0,61.2,1.8,5.4,94,0,LOW
T0207,Turbine,4,9648,2,0,75.5,5,6,83,1,LOW
B0208,Boiler,15,6078,2,1,80.5,3.4,11.4,53,0,MEDIUM
C0209,Compressor,20,11322,0,1,95.8,5.8,9.6,50,0,MEDIUM
C0210,Compressor,19,13168,0,0,93.8,3.5,7,70,0,LOW
B0211,Boiler,3,14410,2,0,78.8,5.4,8,97,1,LOW
C0212,Compressor,20,13436,2,1,93.4,6.6,6.7,57,0,HIGH
B0213,Boiler,11,6448,2,0,82.2,5.8,8.2,62,0,MEDIUM
M0214,Motor,17,2179,2,1,97.8,6,6.5,64,1,HIGH
B0215,Boiler,13,13477,2,0,84.1,3.2,4.6,66,1,MEDIUM
B0216,Boiler,11,12757,1,1,70.5,3.3,5.3,73,1,LOW
C0217,Compressor,2,10074,1,1,57.4,3.8,7.3,77,0,LOW
C0218,Compressor,9,7406,4,1,82.4,6.3,6.5,61,1,HIGH
P0219,Pump,2,9591,4,1,59.7,6.5,8.1,75,2,HIGH
P0220,Pump,9,7907,2,0,73.4,5.2,6,64,1,LOW
M0221,Motor,9,9800,2,1,83.3,3.6,6.4,73,0,MEDIUM
P0222,Pump,8,2638,2,0,55.5,3.6,8.9,88,1,LOW
B0223,Boiler,17,6671,7,0,113.8,9.6,9.5,40,1,HIGH
C0224,Compressor,1,7928,2,1,71.5,0.8,7.6,93,0,LOW
P0225,Pump,11,11340,2,1,73.8,7.1,8.9,63,0,MEDIUM
P0226,Pump,8,2382,3,1,80.3,5.8,8.6,72,0,MEDIUM
M0227,Motor,10,2403,0,0,70,5,9.2,64,0,LOW
M0228,Motor,7,10011,2,1,81.3,2.6,6.9,91,0,MEDIUM
B0229,Boiler,3,4292,1,1,70.4,4.6,6.7,95,1,LOW
C0230,Compressor,3,10011,3,0,57.3,7.2,5.9,80,2,MEDIUM
M0231,Motor,18,1419,1,0,89.7,3.8,6.7,48,0,LOW
P0232,Pump,5,13411,2,0,66.9,5.1,9,85,2,LOW
C0233,Compressor,12,5517,1,0,76.7,4.5,9.2,63,0,LOW
C0234,Compressor,12,4302,2,1,73.2,3.3,9,66,0,MEDIUM
P0235,Pump,19,8857,2,0,103.5,6.8,4.9,61,1,HIGH
M0236,Motor,6,10700,4,1,84.3,6.7,9.8,58,1,HIGH
P0237,Pump,2,8870,2,1,58.1,3,4.8,89,2,MEDIUM
C0238,Compressor,12,6693,2,0,68.3,6.6,8.9,77,1,MEDIUM
T0239,Turbine,19,1767,2,1,86.4,4.2,7,58,0,MEDIUM
T0240,Turbine,5,3044,1,0,69,1.7,8.4,87,2,LOW
B0241,Boiler,12,11331,0,1,74.9,4,5,59,0,LOW
P0242,Pump,17,12221,0,0,90.5,4.6,8.8,77,0,LOW
P0243,Pump,17,2549,1,1,89.8,4.4,5.1,55,0,MEDIUM
B0244,Boiler,10,10956,2,0,83.8,5.9,6.6,63,0,MEDIUM
B0245,Boiler,17,7140,2,0,89.1,6.6,6.1,72,0,MEDIUM
B0246,Boiler,15,11837,2,1,72.4,6.7,5,74,2,MEDIUM
C0247,Compressor,12,4716,5,0,86.4,7.2,8.6,58,0,HIGH
P0248,Pump,16,13797,1,0,90.5,5.8,10,84,1,MEDIUM
C0249,Compressor,19,14494,1,0,86.1,5,11.3,63,0,LOW
B0250,Boiler,8,5481,2,1,77,7.1,7.7,67,0,MEDIUM
P0251,Pump,17,14885,0,0,78,3.6,8.7,64,0,LOW
C0252,Compressor,5,8898,0,0,54.3,5.3,7.3,100,1,LOW
C0253,Compressor,16,7548,3,0,87,6.5,8.6,53,1,MEDIUM
B0254,Boiler,6,3293,3,0,75.5,3.3,7.4,83,2,MEDIUM
P0255,Pump,8,5837,1,0,64.8,5.5,7.6,77,0,LOW
B0256,Boiler,18,8758,2,0,86.1,6.3,8.4,56,1,MEDIUM
P0257,Pump,12,11900,1,0,68.5,5.5,6.4,83,0,LOW
T0258,Turbine,15,7793,0,0,86.5,5.7,6.9,70,0,LOW
M0259,Motor,9,8638,1,0,69.1,4.5,7.2,77,0,LOW
M0260,Motor,13,8993,2,1,92.1,4.6,8.8,70,1,MEDIUM
M0261,Motor,15,7007,2,0,95.7,6.8,6,78,1,MEDIUM
B0262,Boiler,10,6542,1,0,72.4,4.2,7.2,83,0,LOW
T0263,Turbine,16,10092,0,1,70.9,5.2,9.9,58,1,LOW
P0264,Pump,7,12276,2,0,54.8,1.9,9.3,75,1,LOW
C0265,Compressor,17,7356,4,1,80.7,7.9,10.2,46,2,HIGH
P0266,Pump,7,11201,3,0,63.5,4.4,7.9,78,2,MEDIUM
C0267,Compressor,14,9433,5,0,102,9.6,9,47,2,HIGH
P0268,Pump,15,8380,2,0,84.4,6.4,9.1,71,0,MEDIUM
T0269,Turbine,7,3385,2,1,74.6,4.7,9.9,72,0,LOW
C0270,Compressor,9,5268,3,1,59.7,6,5,50,1,MEDIUM
B0271,Boiler,19,1671,1,0,76.9,4.4,5.3,54,0,LOW
P0272,Pump,16,1163,2,0,92.1,7.7,9.6,59,1,MEDIUM
P0273,Pump,8,9656,0,1,69.3,5.6,6.6,77,0,LOW
C0274,Compressor,18,12234,2,0,86.8,6.6,6.6,75,1,MEDIUM
B0275,Boiler,18,5592,5,0,101.5,10.1,6.6,50,1,HIGH
B0276,Boiler,20,5795,3,1,107.1,6.4,7.1,37,1,HIGH
T0277,Turbine,7,11634,1,1,66.7,2.8,5.2,77,1,LOW
B0278,Boiler,3,5798,1,0,63.1,3.2,10.4,88,1,LOW
B0279,Boiler,18,7036,6,1,101.5,9.4,8.8,38,4,HIGH
B0280,Boiler,10,3355,1,1,92.1,3.7,7.2,75,0,MEDIUM
M0281,Motor,7,6887,3,0,57.7,5.8,8.8,85,0,LOW
T0282,Turbine,17,13470,1,0,89,5.6,8.7,65,0,LOW
P0283,Pump,14,13916,3,0,84.1,5,9.3,76,2,MEDIUM
C0284,Compressor,3,8961,4,1,76,5.9,9.8,78,2,HIGH
P0285,Pump,12,11749,3,1,76.7,6.9,7,53,0,MEDIUM
T0286,Turbine,13,6827,3,0,83.1,6.3,7.5,82,3,HIGH
C0287,Compressor,2,9737,1,1,66.7,4.4,8.5,87,0,LOW
T0288,Turbine,3,14875,1,0,87.4,1.7,6.5,84,0,LOW
B0289,Boiler,5,5719,3,0,78,5.4,7.9,92,2,MEDIUM
C0290,Compressor,11,13027,4,0,76.7,5,8.8,81,4,HIGH
B0291,Boiler,8,1593,1,0,66.6,2.6,8.5,81,1,LOW
P0292,Pump,12,5839,1,1,72.4,3.7,4.6,62,0,LOW
P0293,Pump,7,8394,1,0,54.1,2.6,8.4,82,2,LOW
C0294,Compressor,15,12996,2,1,80.9,5,7.2,63,1,MEDIUM
C0295,Compressor,17,10651,1,0,89.4,5,8.4,76,1,MEDIUM
T0296,Turbine,4,4493,2,0,56.8,5,8.8,89,1,LOW
T0297,Turbine,13,11793,2,1,88.9,5,10,61,0,MEDIUM
B0298,Boiler,18,7164,3,0,94.9,4.9,9.9,68,1,MEDIUM
C0299,Compressor,1,11636,1,0,53.6,4.2,9.3,92,1,LOW
P0300,Pump,16,3672,2,0,83.9,4.8,9.8,71,1,MEDIUM
T0301,Turbine,13,5200,1,1,90.3,4.6,7.7,62,1,MEDIUM
T0302,Turbine,10,1016,2,0,81.9,5.4,7.6,77,1,MEDIUM
P0303,Pump,12,4191,1,0,76.1,4.7,8.6,73,0,LOW
T0304,Turbine,2,1392,1,0,59.1,4.3,8.4,92,2,LOW
B0305,Boiler,3,9616,3,0,69.1,5.1,7.4,80,2,MEDIUM
C0306,Compressor,10,7272,1,1,68.9,3.2,7.9,81,1,LOW
P0307,Pump,2,1571,1,0,45,5.6,7.2,87,1,LOW
C0308,Compressor,13,4631,1,0,93.8,4.9,6,67,0,LOW
T0309,Turbine,13,7172,3,0,84.7,5.9,9.8,82,1,MEDIUM
T0310,Turbine,18,10312,0,0,85.2,5.9,7.1,75,0,LOW
P0311,Pump,3,8177,0,1,59,2.7,10.1,68,0,LOW
B0312,Boiler,7,9433,2,0,65.6,4.9,5.2,75,0,LOW
M0313,Motor,14,4897,3,1,83.5,9.2,7.1,40,0,HIGH
P0314,Pump,20,13287,0,0,72.2,4.7,7,56,0,LOW
M0315,Motor,17,9123,2,0,104.7,5.6,9.3,36,1,MEDIUM
M0316,Motor,12,3279,2,1,69.1,5.3,8.2,61,2,MEDIUM
B0317,Boiler,16,9980,1,0,73.7,6.4,7.8,58,1,MEDIUM
M0318,Motor,12,8451,2,1,75.5,3.4,5.9,63,0,MEDIUM
M0319,Motor,15,9906,0,1,87.8,1.9,5.3,52,0,LOW
B0320,Boiler,10,14046,3,0,79.1,4.9,8.4,71,2,MEDIUM
M0321,Motor,7,12041,3,0,64.6,3.2,5.9,72,1,LOW
M0322,Motor,20,1775,0,1,95,4.5,6.2,68,0,MEDIUM
M0323,Motor,5,13218,1,0,71.3,4.1,8.1,98,0,LOW
P0324,Pump,1,7869,3,0,69.8,3.2,6.4,92,2,MEDIUM
P0325,Pump,17,3247,1,0,89.2,3.5,9.7,63,0,LOW
P0326,Pump,3,8088,1,0,81.7,3.2,9.1,100,1,LOW
B0327,Boiler,13,1078,0,1,92,5,4.6,56,0,MEDIUM
T0328,Turbine,14,9080,1,0,73.5,2.8,5.9,60,0,LOW
M0329,Motor,18,8099,3,0,104,7.8,4.5,55,0,HIGH
M0330,Motor,4,4926,2,0,70.1,5,6.4,100,1,LOW
B0331,Boiler,18,10047,3,0,95,7.9,9,54,3,HIGH
M0332,Motor,5,8340,1,0,52,4.9,6.7,86,1,LOW
P0333,Pump,16,14727,2,1,83.6,8.4,8.3,44,0,HIGH
T0334,Turbine,1,8083,0,0,50,1.7,4.7,100,0,LOW
C0335,Compressor,14,7230,1,1,85.6,4.9,8.5,70,0,MEDIUM
M0336,Motor,15,11340,1,1,89.1,4.5,6.5,67,1,MEDIUM
P0337,Pump,9,10223,0,0,51.9,3.4,7,79,0,LOW
C0338,Compressor,15,5940,3,0,86.3,8.2,7.8,55,1,HIGH
T0339,Turbine,17,4271,0,0,89.5,2.9,5.1,59,0,LOW
C0340,Compressor,4,12768,6,0,77.5,5.8,7.1,69,1,HIGH
P0341,Pump,12,13374,4,1,90.8,8.3,9.7,46,1,HIGH
C0342,Compressor,5,4456,3,1,74.3,6.1,8.5,62,1,MEDIUM
B0343,Boiler,5,8788,1,0,68.2,3,8.9,84,0,LOW
C0344,Compressor,11,12698,4,0,81.3,7.5,8.7,60,0,MEDIUM
M0345,Motor,6,9599,2,1,60.3,4.7,7.8,69,0,LOW
M0346,Motor,7,8650,3,1,65.5,7,5.3,71,0,MEDIUM
B0347,Boiler,14,3711,2,0,87.7,5.6,7.2,67,1,MEDIUM
P0348,Pump,11,12280,0,0,71.7,4.9,7,78,0,LOW
M0349,Motor,13,2668,1,0,76.4,7.8,10.2,74,0,LOW
T0350,Turbine,2,1147,0,1,54.6,3,8,80,1,LOW
M0351,Motor,7,7420,2,0,69.1,4.5,9.9,80,2,LOW
M0352,Motor,20,13519,3,0,102.4,8,8.8,53,1,HIGH
P0353,Pump,4,13089,0,0,58.3,2.2,5.9,81,0,LOW
C0354,Compressor,8,11142,0,0,56.3,6.1,7.2,94,0,LOW
M0355,Motor,20,1365,0,0,90.9,5.2,7.4,57,0,LOW
B0356,Boiler,19,10866,1,1,84.9,5.2,5.9,55,2,MEDIUM
C0357,Compressor,13,5531,3,0,83.8,5,7.3,74,1,MEDIUM
T0358,Turbine,14,13686,1,0,91.9,6.1,7,78,0,MEDIUM
P0359,Pump,10,6330,1,0,72.8,5.2,9.7,78,0,LOW
T0360,Turbine,11,6510,2,0,79.8,4.5,4.5,69,0,LOW
C0361,Compressor,2,11738,5,0,63.6,6.5,10.3,84,0,MEDIUM
C0362,Compressor,9,9754,3,0,75.7,3.6,6.5,77,1,MEDIUM
C0363,Compressor,17,12754,0,0,85.4,4.8,4.9,64,0,LOW
T0364,Turbine,3,11681,2,0,53.1,4.4,9.4,80,0,LOW
C0365,Compressor,6,14572,2,0,71.6,6.3,8.7,65,0,LOW
T0366,Turbine,5,9964,4,0,75.3,4.6,10.1,76,4,HIGH
C0367,Compressor,5,7493,0,1,62.8,1.2,8.2,82,0,LOW
B0368,Boiler,15,11229,1,1,88.8,3.9,10.4,70,2,MEDIUM
C0369,Compressor,17,12615,1,0,86.2,3.6,8.1,68,1,MEDIUM
T0370,Turbine,9,11759,0,0,80.3,5,6.8,94,0,LOW
M0371,Motor,3,6439,0,1,51.6,4.3,7.5,81,0,LOW
C0372,Compressor,20,10765,0,0,86.1,5.4,8.9,73,0,LOW
M0373,Motor,17,12886,3,1,90.2,8.1,6.7,45,1,HIGH
B0374,Boiler,10,14279,0,1,61.4,3.7,6,80,0,LOW
P0375,Pump,3,7511,0,0,67.2,2.3,6.5,83,0,LOW
B0376,Boiler,18,12483,1,0,103.6,5,4.1,65,0,MEDIUM
C0377,Compressor,18,8504,1,1,84.9,5,7.5,40,1,MEDIUM
M0378,Motor,17,2246,0,0,84.5,2.7,4.2,67,0,LOW
M0379,Motor,3,12911,1,0,63.2,3.5,7.4,94,0,LOW
T0380,Turbine,3,4839,1,0,56.8,3.1,8.6,86,0,LOW
M0381,Motor,6,9551,0,0,49.4,3.8,6.3,81,0,LOW
T0382,Turbine,13,14208,1,1,71.9,4.8,9.8,71,0,LOW
P0383,Pump,15,3376,2,1,72.4,5.5,5.4,56,0,MEDIUM
C0384,Compressor,9,4009,2,1,88.1,3.7,9.4,64,0,MEDIUM
T0385,Turbine,4,12185,3,0,69.1,4.8,8.9,81,1,LOW
P0386,Pump,14,10154,3,0,82.2,7.1,5.3,84,2,HIGH
M0387,Motor,5,12824,1,0,72.6,2.1,11.4,96,1,LOW
M0388,Motor,2,2827,1,0,52,3.1,7.2,100,0,LOW
P0389,Pump,11,7979,1,0,68.4,4.6,6,80,0,LOW
M0390,Motor,9,10805,1,1,72,3.2,5.2,73,0,LOW
P0391,Pump,3,10832,2,1,73.7,3.1,7.3,59,2,MEDIUM
T0392,Turbine,9,11408,2,0,78.5,5,7.4,70,0,LOW
T0393,Turbine,3,13504,1,0,64.5,1.8,7.5,87,0,LOW
P0394,Pump,2,9569,3,0,67.6,4.8,7.5,69,2,MEDIUM
T0395,Turbine,12,13406,1,0,79.2,3.4,8.2,65,0,LOW
T0396,Turbine,10,5285,5,1,86.6,8.3,7.9,38,1,HIGH
T0397,Turbine,9,7910,2,0,66.3,7.6,4.7,75,0,LOW
B0398,Boiler,15,9561,1,1,80.9,3.9,7.1,68,0,LOW
C0399,Compressor,8,3196,2,0,64.4,5.2,4,86,3,MEDIUM
M0400,Motor,5,4747,3,0,72.1,4,8.4,82,2,MEDIUM
B0401,Boiler,11,9843,0,1,67.7,4.9,5.5,64,0,LOW
T0402,Turbine,2,6978,4,0,90.3,3.6,8.4,65,1,MEDIUM
P0403,Pump,15,6607,1,0,80.2,5.5,9.3,55,0,LOW
T0404,Turbine,6,1769,2,0,58.8,3.3,6.2,71,0,LOW
C0405,Compressor,8,11613,3,0,74.9,5.1,9.5,66,1,MEDIUM
T0406,Turbine,5,1780,1,1,69.7,2.2,6.6,78,0,LOW
P0407,Pump,16,10908,0,0,92.4,5.4,9.6,63,0,LOW
C0408,Compressor,18,7303,2,1,83.3,5.1,7.1,54,1,MEDIUM
T0409,Turbine,6,4983,2,0,57.3,5,6.3,79,1,LOW
C0410,Compressor,5,10503,1,0,72,3,8.3,87,0,LOW
M0411,Motor,16,12551,1,1,71,5,6.6,68,0,LOW
M0412,Motor,13,14537,3,0,80,6.2,6.6,55,1,MEDIUM
T0413,Turbine,5,9714,5,0,75.4,5.3,7.8,74,0,MEDIUM
C0414,Compressor,13,1521,0,0,73.9,4.2,6.9,76,0,LOW
P0415,Pump,17,14070,3,0,95,8.5,9.9,55,0,HIGH
T0416,Turbine,18,11512,2,0,82.5,5.2,4.7,67,0,LOW
M0417,Motor,8,10127,5,0,79.8,8.1,8.5,73,2,HIGH
M0418,Motor,13,8569,1,0,77.4,6.4,8.2,65,0,LOW
T0419,Turbine,19,11422,2,0,90.7,5.3,7.9,56,1,MEDIUM
C0420,Compressor,3,13232,1,1,63.3,1.4,9.3,85,0,LOW
M0421,Motor,8,6784,1,0,73.5,4.3,7.2,79,0,LOW
C0422,Compressor,2,5583,3,1,73.8,3.7,7.6,81,1,MEDIUM
M0423,Motor,8,6946,0,0,70.1,5.4,7.9,88,1,LOW
M0424,Motor,13,5941,3,0,87.1,6.1,8,79,0,MEDIUM
B0425,Boiler,13,7267,2,1,67.8,4.4,7,48,0,MEDIUM
M0426,Motor,1,8128,2,0,62.9,2.2,8.4,89,0,LOW
P0427,Pump,6,12889,1,1,70.8,4.9,6.3,70,0,LOW
T0428,Turbine,19,12029,1,0,92.3,4.9,6.4,67,0,LOW
T0429,Turbine,16,13275,1,0,76.5,5.2,6.5,54,0,LOW
C0430,Compressor,8,3461,2,0,67.7,5.7,9.6,80,2,MEDIUM
M0431,Motor,1,12435,2,0,57.9,3,2.8,85,0,LOW
P0432,Pump,16,12551,0,1,83.3,4.3,7.6,57,0,LOW
C0433,Compressor,9,1685,2,0,82.8,4.7,7.7,64,3,MEDIUM
B0434,Boiler,13,3160,0,1,71.2,4.8,4.5,65,0,LOW
C0435,Compressor,11,8031,1,1,81.8,5.1,7.8,77,0,LOW
C0436,Compressor,13,13180,2,0,81.5,5.1,8.3,68,1,MEDIUM
M0437,Motor,10,13258,0,0,69,3.6,7.9,87,0,LOW
B0438,Boiler,4,10759,4,1,71.3,5,4.2,82,1,MEDIUM
C0439,Compressor,6,6341,4,1,82,3.9,10.2,67,0,MEDIUM
P0440,Pump,7,1038,1,0,71.1,4.1,6.2,79,0,LOW
P0441,Pump,5,11736,0,0,80.7,5,8,95,0,LOW
T0442,Turbine,11,5875,6,0,82.7,6.8,9.9,52,0,HIGH
B0443,Boiler,13,2256,0,1,78.6,3,5.7,65,0,LOW
B0444,Boiler,19,12182,1,0,82.3,4.5,8.3,50,0,LOW
T0445,Turbine,10,8697,0,1,63,4.4,6.4,81,0,LOW
C0446,Compressor,10,3196,2,0,75.9,5.4,4.5,71,1,LOW
B0447,Boiler,11,12660,2,0,78.6,4.9,9.4,74,0,LOW
P0448,Pump,7,8165,0,0,88.8,1.9,5.8,79,0,LOW
P0449,Pump,18,11900,3,0,89.5,6.9,6.6,59,2,HIGH
M0450,Motor,4,1301,4,0,64,3.5,7.6,71,3,MEDIUM
B0451,Boiler,2,8527,4,0,72.2,5.3,8.6,79,3,MEDIUM
C0452,Compressor,14,7381,2,0,65.4,6.5,7.5,74,2,MEDIUM
T0453,Turbine,13,1646,4,0,85.8,5.2,9,67,1,MEDIUM
T0454,Turbine,12,13950,3,0,82.1,4.1,5.9,66,2,MEDIUM
C0455,Compressor,7,10951,3,1,80.9,7,6.8,53,1,HIGH
M0456,Motor,2,13543,3,0,74.8,3.7,7.7,100,1,LOW
T0457,Turbine,13,9789,1,0,73.5,6,10.1,87,0,LOW
B0458,Boiler,14,9853,3,0,83.8,6,7.7,69,3,HIGH
M0459,Motor,17,5330,1,1,77.4,5.1,8.9,51,1,MEDIUM
B0460,Boiler,9,10560,2,0,65.5,5.3,7.7,75,0,LOW
P0461,Pump,17,11773,4,1,95,6.3,7.5,41,0,HIGH
M0462,Motor,8,8003,0,1,56.8,3.4,6.6,88,2,LOW
T0463,Turbine,2,13060,6,0,72.7,6,8.5,75,1,MEDIUM
M0464,Motor,13,4537,2,0,72.5,3.8,8.5,62,1,LOW
M0465,Motor,3,14057,1,1,66.9,3.6,9.4,79,0,LOW
M0466,Motor,16,13500,3,0,102.4,6.2,8.4,68,1,HIGH
M0467,Motor,6,5558,0,0,53.6,2.7,8.8,100,1,LOW
B0468,Boiler,19,7579,0,1,68.7,3.4,5.6,70,0,LOW
P0469,Pump,7,9474,1,0,67.5,5.7,6.7,89,1,LOW
C0470,Compressor,10,12870,4,1,82.1,7.4,7.1,56,1,HIGH
M0471,Motor,9,10678,2,0,76.2,5.9,8.1,50,1,MEDIUM
T0472,Turbine,2,5082,4,1,66.4,4.7,7.7,75,0,MEDIUM
M0473,Motor,15,14718,5,0,90.9,5.7,9.6,53,4,HIGH
T0474,Turbine,5,5183,1,0,68.4,5.8,5.9,88,0,LOW
B0475,Boiler,4,14355,4,0,81.3,5.3,8.3,77,2,MEDIUM
T0476,Turbine,20,9652,1,1,72.4,4.8,8.3,41,0,MEDIUM
C0477,Compressor,4,11517,1,0,61,3.8,4.2,93,0,LOW
P0478,Pump,18,4754,1,0,86.7,6.8,10.5,69,0,MEDIUM
T0479,Turbine,4,11660,0,0,53.7,2.6,6.6,98,0,LOW
T0480,Turbine,17,2724,1,0,97.3,6.8,4.3,73,0,MEDIUM
P0481,Pump,12,2376,4,0,79.9,7.9,8.4,67,1,HIGH
C0482,Compressor,17,11935,2,0,86.2,4.7,7.7,58,2,MEDIUM
M0483,Motor,10,9706,1,0,77.4,3.4,7.2,77,1,LOW
T0484,Turbine,1,9894,1,0,54.8,4,8.8,95,2,LOW
P0485,Pump,18,2653,1,0,70.2,2.1,8.4,64,0,LOW
B0486,Boiler,18,3066,2,0,84.6,5.9,8,68,0,MEDIUM
P0487,Pump,14,1022,2,1,90.2,3.8,8.3,64,1,MEDIUM
B0488,Boiler,15,3460,0,0,74.8,3.7,6.8,90,0,LOW
C0489,Compressor,12,14341,1,0,69.2,4.1,10,92,1,LOW
M0490,Motor,4,6926,2,0,74.4,3.6,5.4,85,0,LOW
P0491,Pump,3,7251,2,1,62.9,3.2,7.8,48,3,MEDIUM
T0492,Turbine,20,10496,2,1,86.9,5.1,7.7,58,0,MEDIUM
C0493,Compressor,12,8295,0,1,74.2,6.6,8.2,66,0,LOW
P0494,Pump,7,4300,1,0,74.7,6,6,77,0,LOW
T0495,Turbine,11,14422,1,0,93.6,3,4.7,73,0,LOW
P0496,Pump,1,7279,2,0,69.1,5.4,7.8,87,1,LOW
B0497,Boiler,6,9553,4,0,85.3,5.2,8.6,78,1,MEDIUM
P0498,Pump,15,8353,4,0,85.5,7.2,10.4,45,4,HIGH
P0499,Pump,15,4727,1,1,72.3,4.9,5.4,52,1,MEDIUM
P0500,Pump,19,7272,3,1,93,6.2,9.6,49,0,HIGH
C0501,Compressor,11,6995,2,1,78.4,6.2,11.2,69,0,MEDIUM
P0502,Pump,2,10476,1,0,52.4,3.2,6.7,98,0,LOW
T0503,Turbine,14,1514,1,1,77.6,4.2,5.4,57,1,MEDIUM
B0504,Boiler,2,1448,2,0,67.2,2.1,7,81,0,LOW
B0505,Boiler,4,7019,2,0,69.9,2.9,7.6,81,0,LOW
P0506,Pump,17,14794,1,1,87.5,3.3,8.1,59,0,MEDIUM
C0507,Compressor,3,6343,2,0,67.8,3.9,6.7,98,0,LOW
C0508,Compressor,13,11047,0,0,70.4,2.5,9.3,60,0,LOW
T0509,Turbine,9,14161,1,0,67.4,3.7,5.6,78,0,LOW
P0510,Pump,7,9033,1,1,58.9,5.4,4.7,65,0,LOW
B0511,Boiler,15,12754,1,1,94.8,6.4,9,48,0,MEDIUM
C0512,Compressor,11,3520,3,0,80.6,5.7,4.5,76,0,MEDIUM
P0513,Pump,20,4081,0,1,83.2,4.9,6.7,60,0,LOW
C0514,Compressor,2,2428,2,0,56.6,6,12.3,92,0,LOW
C0515,Compressor,15,4967,0,0,101,4.9,7,80,0,LOW
B0516,Boiler,14,7445,3,1,76.4,5.8,6.2,51,1,MEDIUM
M0517,Motor,20,10114,1,1,84.6,4,7.2,49,0,MEDIUM
T0518,Turbine,11,12329,2,1,80.8,5.5,7.5,82,2,MEDIUM
T0519,Turbine,3,3159,1,0,67.3,4.1,7.5,89,0,LOW
B0520,Boiler,17,6132,4,1,100.2,6.6,9.2,51,3,HIGH
C0521,Compressor,12,14704,1,0,90.5,4.8,5.7,74,0,LOW
P0522,Pump,15,3547,0,1,81.5,3.8,9.5,50,1,MEDIUM
C0523,Compressor,16,3979,2,0,76.6,5.6,8,47,0,MEDIUM
B0524,Boiler,5,11473,1,1,63.4,0.5,8.4,74,5,MEDIUM
T0525,Turbine,20,3649,2,0,93.5,6.1,6.7,64,2,HIGH
C0526,Compressor,6,9505,2,0,86.5,5.5,9.5,88,0,LOW
T0527,Turbine,19,11805,2,0,78.3,5.5,7.2,65,1,MEDIUM
P0528,Pump,5,4083,4,0,84.1,5.6,8.6,67,1,MEDIUM
T0529,Turbine,3,11448,0,0,60.9,1.5,5.6,100,0,LOW
T0530,Turbine,1,2037,1,1,66.2,3.3,5.8,78,0,LOW
M0531,Motor,6,14944,3,0,72.2,4.7,8.9,79,0,LOW
M0532,Motor,15,4489,1,0,73.8,3.8,6.6,69,0,LOW
M0533,Motor,2,8604,0,0,64,3.9,5.7,95,0,LOW
T0534,Turbine,3,8544,3,0,73.7,5.7,6.9,93,0,LOW
B0535,Boiler,17,3634,0,0,88.3,3.8,8,64,0,LOW
T0536,Turbine,12,4983,1,0,75.9,5.1,6.4,64,0,LOW
B0537,Boiler,18,2778,0,0,77.2,5.3,6.8,68,0,LOW
B0538,Boiler,15,8902,1,0,68,5.7,7.3,66,1,LOW
M0539,Motor,12,6110,2,0,85.6,3.2,4.7,97,0,LOW
C0540,Compressor,16,6189,2,0,88.4,7,5.4,69,0,MEDIUM
P0541,Pump,8,13087,1,0,62.3,3.2,7.8,78,0,LOW
M0542,Motor,14,8378,2,0,77.7,5.1,6.5,58,0,LOW
M0543,Motor,17,2124,3,0,85.8,9.8,9.5,42,0,HIGH
C0544,Compressor,8,1697,0,1,55.1,3.6,8.5,69,0,LOW
P0545,Pump,15,3179,3,1,80,5.9,9,54,2,HIGH
T0546,Turbine,14,10596,1,1,69.9,2.2,10,74,0,LOW
T0547,Turbine,18,6251,3,0,87.7,8.5,7.8,65,3,HIGH
M0548,Motor,20,10235,2,1,85.1,4.8,8.6,50,0,MEDIUM
P0549,Pump,7,2929,4,1,64.5,4.6,7.3,61,5,HIGH
M0550,Motor,3,2013,2,1,81.7,3.5,11.3,81,3,MEDIUM
B0551,Boiler,12,1226,4,0,95,8.3,11.2,58,0,HIGH
M0552,Motor,3,8321,1,0,56.3,4.1,7.3,100,0,LOW
M0553,Motor,20,2828,1,1,90.2,5.5,7.9,50,0,MEDIUM
T0554,Turbine,14,8909,3,0,88.3,6.6,9.9,62,1,MEDIUM
T0555,Turbine,15,6588,2,0,93,4.9,7.4,47,0,MEDIUM
T0556,Turbine,14,14109,0,0,69.5,4.3,6,73,0,LOW
B0557,Boiler,7,3023,0,0,74.2,3.1,8.3,94,0,LOW
T0558,Turbine,17,5966,1,0,79.1,6.4,7.4,57,0,LOW
P0559,Pump,12,11644,3,0,71.3,7.1,8.2,60,1,MEDIUM
C0560,Compressor,20,11277,4,0,102.8,8.4,6.9,54,0,HIGH
P0561,Pump,4,6891,3,0,80.3,4.3,5.3,69,3,MEDIUM
P0562,Pump,9,13475,0,0,89.2,4.2,7.4,92,0,LOW
T0563,Turbine,6,2080,1,0,57.4,3.5,8.7,81,0,LOW
C0564,Compressor,16,6036,2,0,90.6,4.5,7.3,60,0,MEDIUM
C0565,Compressor,2,11512,4,1,66.7,4.6,10.4,63,1,MEDIUM
C0566,Compressor,8,12382,1,1,76.3,4,6.2,77,0,LOW
B0567,Boiler,11,11822,1,0,62.7,5.4,5.7,96,0,LOW
T0568,Turbine,13,3563,1,0,67.4,4.4,7.2,79,0,LOW
C0569,Compressor,17,4292,2,0,80.3,4.5,7.5,54,0,LOW
B0570,Boiler,8,13813,1,1,70.6,4,8.5,83,2,MEDIUM
M0571,Motor,18,4586,2,0,82.9,6.2,6.4,57,0,MEDIUM
M0572,Motor,18,5431,0,0,87.3,4.9,9.1,79,1,LOW
B0573,Boiler,14,7841,3,0,93.2,7.3,10.9,69,1,HIGH
B0574,Boiler,15,14366,6,0,100.3,9.7,8.7,25,3,HIGH
T0575,Turbine,6,7643,1,1,80,2.9,9.2,69,0,LOW
T0576,Turbine,11,12139,2,1,80.8,4.3,6,72,0,MEDIUM
M0577,Motor,13,4959,2,0,70.8,4.1,9.2,70,0,LOW
C0578,Compressor,1,12005,2,0,73.4,4.4,9.2,82,1,LOW
M0579,Motor,6,11775,2,0,65.2,6,8.9,76,1,LOW
C0580,Compressor,9,1161,2,0,81.8,4.4,7.6,61,1,MEDIUM
C0581,Compressor,8,1593,1,0,82.6,3.6,2.9,81,2,LOW
T0582,Turbine,11,12451,4,0,87.2,8.2,7.2,82,2,HIGH
P0583,Pump,19,13347,2,0,77.5,6.9,6.7,64,1,MEDIUM
P0584,Pump,9,12154,0,0,61.2,3.9,5.5,100,0,LOW
B0585,Boiler,17,13080,0,1,91.1,3.1,7.2,68,0,MEDIUM
T0586,Turbine,12,4390,2,0,77.6,6,7,79,0,LOW
C0587,Compressor,14,6997,1,1,79.6,3.7,6.1,79,0,LOW
P0588,Pump,15,7354,3,1,92.6,5,6.3,56,3,HIGH
C0589,Compressor,16,13693,2,0,90.6,5.4,6.5,62,0,MEDIUM
P0590,Pump,20,1663,2,1,93.2,5.7,9.3,56,1,HIGH
P0591,Pump,1,10324,0,0,54.8,1.9,6,100,0,LOW
P0592,Pump,10,14387,3,0,76.5,3.9,7.1,66,0,LOW
T0593,Turbine,8,1541,3,0,82.9,6.5,7.2,68,1,MEDIUM
M0594,Motor,18,6433,1,1,89.4,6.8,7.8,57,1,MEDIUM
C0595,Compressor,1,6093,1,0,57.4,0.5,8,100,1,LOW
T0596,Turbine,2,14428,3,0,75.7,5.6,3.3,91,0,LOW
T0597,Turbine,1,12166,2,1,61.5,2.6,9.1,71,1,MEDIUM
T0598,Turbine,1,1867,4,0,61.7,6,10.4,97,0,LOW
T0599,Turbine,9,11258,1,1,65.4,4,5.7,67,0,LOW
T0600,Turbine,13,9623,3,1,75.7,6.1,6.4,54,1,MEDIUM
B0601,Boiler,1,14027,2,1,60.3,3.3,6.9,75,0,LOW
C0602,Compressor,13,6469,3,1,93.4,7.5,6.8,78,1,HIGH
T0603,Turbine,20,13470,1,1,81.6,4.2,7.6,54,0,MEDIUM
C0604,Compressor,7,7256,1,0,70,4.5,4.4,77,2,LOW
B0605,Boiler,2,10398,2,1,58.7,5,5.9,87,0,LOW
B0606,Boiler,6,11720,1,0,64.9,4.5,9.6,91,0,LOW
C0607,Compressor,7,2169,0,0,53.4,5.8,5.6,86,0,LOW
P0608,Pump,14,1830,1,0,77.2,4.2,9.2,78,1,LOW
M0609,Motor,18,2651,1,1,83.5,6.5,7.8,49,0,MEDIUM
P0610,Pump,15,2136,2,1,87.8,5.5,4.9,53,1,MEDIUM
P0611,Pump,2,3810,3,1,68.8,5.9,8.9,60,0,MEDIUM
P0612,Pump,10,9667,5,0,75.4,7,8.3,51,4,HIGH
T0613,Turbine,12,12002,3,0,90.7,5.4,7.2,81,2,MEDIUM
B0614,Boiler,17,10518,2,0,88.2,7.5,8,75,2,HIGH
P0615,Pump,8,14258,3,1,77.6,4.7,8.6,66,1,MEDIUM
B0616,Boiler,11,2019,2,1,77.4,3.4,8.7,78,0,MEDIUM
C0617,Compressor,3,6237,3,0,64.4,3.9,9.7,81,2,MEDIUM
M0618,Motor,6,11028,2,0,71.7,5,8.2,79,0,LOW
C0619,Compressor,9,13448,1,0,75.3,5.7,5.2,80,0,LOW
C0620,Compressor,6,11640,4,0,62,5.8,7.5,72,0,MEDIUM
T0621,Turbine,9,13485,4,1,76.2,7.7,12.6,58,3,HIGH
M0622,Motor,7,2283,2,0,69.5,2.8,8.7,89,0,LOW
C0623,Compressor,9,1659,3,0,79.5,4.9,11.5,73,0,LOW
C0624,Compressor,18,14358,2,0,97.5,5.8,9.7,65,0,MEDIUM
M0625,Motor,12,3010,1,0,69.8,4.4,7.7,83,0,LOW
M0626,Motor,8,9590,2,1,69,4.7,8.1,73,1,MEDIUM
C0627,Compressor,8,2733,1,0,65.9,4.7,7.2,74,0,LOW
M0628,Motor,18,14870,2,0,81.6,5.6,5,49,0,MEDIUM
C0629,Compressor,20,3125,1,0,85.2,5.9,7.3,61,0,LOW
C0630,Compressor,15,3171,0,1,83.7,4.2,8.8,64,0,LOW
T0631,Turbine,7,9266,2,1,63.1,3.3,6.7,72,2,MEDIUM
P0632,Pump,11,13889,1,1,77.9,4.2,7.9,68,0,LOW
C0633,Compressor,20,4471,2,0,77.4,6.2,8.9,77,2,MEDIUM
B0634,Boiler,16,10028,3,0,83.5,6.3,6.5,49,1,MEDIUM
P0635,Pump,4,6624,0,0,58.4,2.6,6.3,77,1,LOW
P0636,Pump,6,9691,0,1,77.4,3,5.5,84,0,LOW
P0637,Pump,3,14884,2,0,63.3,3.3,6.4,84,2,LOW
T0638,Turbine,9,9329,1,0,53.9,5.6,5.4,82,0,LOW
C0639,Compressor,10,3097,2,1,60,3.5,6.2,71,0,LOW
T0640,Turbine,14,6068,3,1,85.3,5.3,10,65,0,MEDIUM
C0641,Compressor,11,14930,2,0,82.4,8.4,6.2,60,1,MEDIUM
T0642,Turbine,18,12888,3,0,94,5.6,8.1,51,2,HIGH
T0643,Turbine,12,11077,3,0,83.3,4.3,7.1,70,2,MEDIUM
B0644,Boiler,12,7397,3,1,91.3,6.8,9.7,65,1,HIGH
T0645,Turbine,13,3757,1,1,73.2,2.2,9.3,82,0,LOW
M0646,Motor,13,4920,1,0,84.7,4.4,8.6,80,0,LOW
B0647,Boiler,19,9186,1,0,73.4,8.1,7.8,61,1,MEDIUM
T0648,Turbine,19,2900,0,1,76.3,3,6.7,51,1,MEDIUM
P0649,Pump,14,3610,2,1,67.5,3.1,5.8,54,2,MEDIUM
M0650,Motor,4,7900,2,0,64.8,2.2,10.5,80,1,LOW
M0651,Motor,13,13178,3,0,83.1,7.1,6.8,70,0,MEDIUM
M0652,Motor,8,2449,0,0,67.9,4.5,8,88,0,LOW
B0653,Boiler,19,9738,1,0,87,4.9,8.9,51,0,LOW
T0654,Turbine,12,6017,2,1,71.6,6,6.8,59,0,MEDIUM
T0655,Turbine,18,13868,0,1,80.5,6.4,8.6,67,0,MEDIUM
P0656,Pump,6,14660,2,1,58,6.4,8.7,76,1,MEDIUM
P0657,Pump,18,8999,2,0,98.9,5.8,10.2,64,2,HIGH
M0658,Motor,19,7052,2,1,87.1,3.5,6.9,53,1,MEDIUM
P0659,Pump,5,11195,1,0,61.6,2.5,5.4,100,0,LOW
B0660,Boiler,9,3096,4,0,93.2,5.6,7.4,70,1,MEDIUM
T0661,Turbine,3,9895,0,0,49.6,2.1,7.3,92,0,LOW
M0662,Motor,10,7404,3,0,70,5.4,8,63,0,LOW
P0663,Pump,19,11595,0,1,74.7,6.2,6.4,60,0,LOW
B0664,Boiler,3,10817,1,0,62,4.7,4.4,71,0,LOW
B0665,Boiler,15,4331,6,0,99,8.2,9.5,48,1,HIGH
P0666,Pump,1,13925,2,0,68.4,4.9,10.6,89,1,LOW
T0667,Turbine,7,8462,1,0,89.1,4.2,8,72,0,LOW
P0668,Pump,12,6105,2,0,61,5.3,8.5,63,0,LOW
M0669,Motor,17,3978,5,0,100.4,9.1,9.4,56,0,HIGH
P0670,Pump,20,13928,1,1,83.5,5.8,7.9,54,0,MEDIUM
B0671,Boiler,5,3839,3,0,66.8,7.3,9.3,80,0,MEDIUM
P0672,Pump,4,4384,3,0,65,3,8.5,83,1,LOW
T0673,Turbine,12,11851,0,0,65.7,3.2,6.5,79,0,LOW
C0674,Compressor,20,11053,4,1,110.5,7.6,7,50,0,HIGH
P0675,Pump,18,12048,3,0,97.7,7.3,7.5,57,0,HIGH
T0676,Turbine,17,14493,1,0,83.7,6.8,7.8,54,0,MEDIUM
T0677,Turbine,19,1685,2,0,100.3,6.2,7.1,71,2,HIGH
B0678,Boiler,9,8531,1,0,59.4,2.3,7.8,83,0,LOW
T0679,Turbine,4,5283,1,0,53.4,4.3,8,84,0,LOW
T0680,Turbine,2,8736,0,1,45,3.2,8.2,78,0,LOW
T0681,Turbine,4,8710,0,0,55.4,0.5,8.9,96,0,LOW
T0682,Turbine,2,2619,2,0,65.3,3.7,7.7,87,2,LOW
M0683,Motor,15,14975,2,1,84.3,3.7,5.6,70,0,MEDIUM
M0684,Motor,2,14272,2,1,65.2,2.9,7.1,78,1,MEDIUM
B0685,Boiler,4,13835,0,0,49.7,1.5,7.1,86,0,LOW
P0686,Pump,6,7868,0,0,70.4,3.9,4.2,96,0,LOW
T0687,Turbine,7,2431,1,0,70.4,3.9,9.4,91,1,LOW
P0688,Pump,10,10067,2,0,81.9,3.4,7.8,75,0,LOW
P0689,Pump,19,5713,1,1,71.4,6.6,7.9,59,0,MEDIUM
B0690,Boiler,19,11653,2,1,92,4.5,9.6,49,2,HIGH
T0691,Turbine,12,10557,3,1,72.5,6.3,7,60,1,MEDIUM
T0692,Turbine,3,10435,0,0,56.3,1.5,7.9,100,0,LOW
C0693,Compressor,13,5998,0,0,78.8,3.5,6.8,82,0,LOW
P0694,Pump,18,1162,3,0,91.7,7.4,7.6,54,2,HIGH
P0695,Pump,8,2974,0,1,60.2,3.8,5.8,88,0,LOW
M0696,Motor,15,4291,2,0,83.6,7.3,10.1,46,1,MEDIUM
C0697,Compressor,1,9461,6,0,62.2,6.3,8.2,91,2,HIGH
M0698,Motor,3,1631,0,1,68.7,2.8,8,73,0,LOW
M0699,Motor,8,1905,1,1,68.4,3.4,4.5,69,0,LOW
M0700,Motor,4,12663,3,1,78.9,4.9,9.7,72,1,MEDIUM
B0701,Boiler,16,12445,2,0,80.8,6.3,9.2,62,0,MEDIUM
B0702,Boiler,10,3014,2,1,71.8,4.8,7.7,74,2,MEDIUM
M0703,Motor,12,10833,0,1,66.9,1.6,6.7,62,0,LOW
C0704,Compressor,14,8896,3,0,92,6.6,8.5,65,1,MEDIUM
P0705,Pump,14,1204,3,0,79.3,6.6,11.3,58,3,HIGH
C0706,Compressor,2,1581,0,0,63.2,1.5,4.4,99,0,LOW
T0707,Turbine,5,6675,2,1,65.4,2.6,8.8,74,1,MEDIUM
B0708,Boiler,5,10032,0,0,46.7,4.5,5.6,92,0,LOW
P0709,Pump,6,6347,4,0,71.4,6.3,8.2,69,0,MEDIUM
P0710,Pump,13,10911,0,0,65.1,3.7,6.6,73,0,LOW
T0711,Turbine,9,14930,2,1,74.8,3.4,7,70,0,MEDIUM
T0712,Turbine,15,3643,1,0,71,4,7.3,77,0,LOW
M0713,Motor,14,9017,0,0,83.4,5.7,5.3,70,0,LOW
B0714,Boiler,7,3297,1,0,67.8,3.9,8.8,76,0,LOW
B0715,Boiler,20,1874,2,1,89.6,5.7,4.9,53,0,MEDIUM
C0716,Compressor,2,6560,5,0,78.2,6.4,9.3,76,0,MEDIUM
M0717,Motor,7,1689,1,0,76.2,2.8,6.8,90,0,LOW
M0718,Motor,6,5000,2,1,69.8,6.1,5.8,66,0,MEDIUM
M0719,Motor,17,12333,0,0,74.3,6.2,7.3,55,0,LOW
M0720,Motor,2,10614,1,1,46.8,2.4,5,80,1,LOW
B0721,Boiler,3,1671,5,0,69,5.2,8.6,68,1,MEDIUM
B0722,Boiler,5,8927,2,0,63.6,1,5.5,82,3,MEDIUM
M0723,Motor,5,2171,0,0,63.4,1,7.7,86,1,LOW
C0724,Compressor,1,6591,1,0,56.7,1.2,5.9,100,0,LOW
P0725,Pump,8,12918,2,1,78.5,4.8,6.9,67,2,MEDIUM
P0726,Pump,12,10135,0,0,68.1,3.4,7.4,80,0,LOW
C0727,Compressor,4,7342,1,1,63.5,1.7,6.1,82,0,LOW
M0728,Motor,13,2449,2,0,90,5,7.5,70,0,MEDIUM
B0729,Boiler,15,12929,0,0,80.2,4.9,4.7,73,0,LOW
P0730,Pump,11,3539,0,0,71,4.3,7.9,84,1,LOW
T0731,Turbine,10,4959,0,1,65.2,1.2,9.6,68,0,LOW
T0732,Turbine,3,14183,2,0,60.4,3.7,11.8,98,1,LOW
C0733,Compressor,14,7285,2,0,75.2,3.8,7.7,65,1,LOW
M0734,Motor,16,6432,2,0,80.7,6.9,8.8,53,0,MEDIUM
P0735,Pump,10,5260,3,0,85,6.5,5.2,72,1,MEDIUM
M0736,Motor,10,3361,2,0,74.2,3.8,9.9,67,2,MEDIUM
P0737,Pump,12,7164,2,1,68.2,4.3,8.8,68,1,MEDIUM
C0738,Compressor,9,14393,2,0,88.6,4.2,6.9,93,1,MEDIUM
C0739,Compressor,1,12844,1,1,62.1,0.5,9.2,80,0,LOW
T0740,Turbine,5,4670,1,0,54.2,3.9,6.9,90,0,LOW
M0741,Motor,20,2753,3,1,90.5,6.8,7.2,30,1,HIGH
T0742,Turbine,8,9100,2,1,73.9,5.8,8.3,73,1,MEDIUM
M0743,Motor,11,11544,2,0,91.1,3.7,6,65,2,MEDIUM
T0744,Turbine,12,2938,0,1,64.1,3.1,8.5,65,0,LOW
B0745,Boiler,1,9562,3,0,73.3,2.4,6.3,77,2,MEDIUM
B0746,Boiler,20,6976,2,1,102.2,5.2,6,54,0,MEDIUM
B0747,Boiler,11,14140,3,1,75.5,4.3,6.5,68,2,MEDIUM
B0748,Boiler,5,13671,1,0,63.3,4.6,8.4,87,0,LOW
P0749,Pump,15,11123,2,0,75.2,4.8,6.7,58,0,LOW
B0750,Boiler,5,7588,3,0,69.9,5,5.9,92,2,MEDIUM
C0751,Compressor,12,9616,4,0,84.7,6.1,7.3,56,0,MEDIUM
C0752,Compressor,5,7304,3,0,76.8,3.3,7.9,62,0,LOW
P0753,Pump,17,8345,1,0,92.2,5,5.5,69,0,LOW
B0754,Boiler,17,13916,1,0,77.5,6,5.6,57,0,LOW
B0755,Boiler,12,8875,1,1,60.3,3.1,10.5,74,1,LOW
B0756,Boiler,15,10086,0,0,77.3,5.2,5.7,70,0,LOW
T0757,Turbine,15,7633,4,0,91.8,6,7.7,62,3,HIGH
M0758,Motor,6,1597,2,0,72,3.7,7,92,0,LOW
T0759,Turbine,12,4062,3,0,79.4,6.5,7.3,57,2,MEDIUM
M0760,Motor,20,3336,0,0,86,4.2,7.9,59,0,LOW
B0761,Boiler,18,13880,0,0,94.1,4.7,8.4,67,1,LOW
B0762,Boiler,14,10879,2,1,85.1,5.1,7.1,71,1,MEDIUM
T0763,Turbine,2,1572,4,1,67,5.3,6.3,67,0,MEDIUM
T0764,Turbine,9,8521,4,0,76.5,3.3,10.1,63,3,HIGH
M0765,Motor,5,7171,1,1,64.1,1.3,7.2,83,0,LOW
C0766,Compressor,20,8097,2,0,104.1,7.1,10.2,51,1,HIGH
M0767,Motor,1,3090,1,1,58,4.1,3.9,87,0,LOW
T0768,Turbine,3,14992,2,1,65.3,2.8,7.9,66,0,LOW
T0769,Turbine,6,7566,5,0,75.1,6.1,11.4,87,0,MEDIUM
P0770,Pump,5,12861,1,0,74.3,3.8,6.8,76,1,LOW
T0771,Turbine,5,13464,2,0,84.2,5,7.3,80,1,LOW
P0772,Pump,1,5624,2,0,66.1,1.1,8,90,1,LOW
C0773,Compressor,17,2633,0,1,81.2,3.5,6.2,77,0,LOW
M0774,Motor,19,14253,3,0,92.8,6.6,7.4,43,1,HIGH
M0775,Motor,14,2517,1,1,59.9,5.6,6.8,79,1,MEDIUM
P0776,Pump,12,13485,3,1,88,8.9,7,64,4,HIGH
M0777,Motor,10,11849,5,0,86.1,6.7,10.3,65,0,HIGH
T0778,Turbine,20,4648,3,1,97.4,5.4,8.6,36,0,HIGH
B0779,Boiler,18,14140,1,1,79.3,5.9,7.7,60,0,MEDIUM
P0780,Pump,11,12780,1,1,71.4,5.9,8.5,62,1,MEDIUM
M0781,Motor,2,2537,0,1,54.7,2.4,6.6,99,0,LOW
P0782,Pump,18,14368,3,1,99.2,5.7,6.7,40,0,HIGH
P0783,Pump,7,4137,1,0,65.5,4.9,6.4,82,0,LOW
B0784,Boiler,15,7985,1,1,97.2,5.7,7.3,57,0,MEDIUM
T0785,Turbine,11,1097,1,0,77.9,3.1,5.7,68,0,LOW
P0786,Pump,18,12407,1,1,74.8,5.9,6.5,62,1,MEDIUM
M0787,Motor,12,13722,2,1,78,6.4,6.8,67,1,MEDIUM
C0788,Compressor,6,13924,2,0,64.8,5.7,10.8,91,0,LOW
P0789,Pump,20,4750,1,0,70.4,5.6,3.1,46,0,LOW
P0790,Pump,13,12349,0,0,87.3,3.5,6.7,85,0,LOW
B0791,Boiler,20,13875,3,0,99.6,8.6,10.5,72,0,HIGH
T0792,Turbine,16,9535,1,0,86.3,3.6,7.5,64,0,LOW
C0793,Compressor,18,9174,0,1,83.3,5.2,8.1,75,0,LOW
M0794,Motor,10,9103,0,1,58.9,1.9,7.1,72,0,LOW
C0795,Compressor,8,6413,1,1,66.1,5.2,6.3,63,1,LOW
M0796,Motor,18,5666,1,0,91.7,5.1,3.9,61,0,LOW
T0797,Turbine,1,1610,3,1,57.1,5.8,8.2,87,2,MEDIUM
M0798,Motor,8,2727,1,1,49.7,4.5,6.1,67,0,LOW
B0799,Boiler,6,11482,0,0,62.2,1.4,5.8,84,0,LOW
B0800,Boiler,5,2854,1,0,64.4,5.2,6.6,92,0,LOW
B0801,Boiler,15,11800,4,0,90.6,8.9,10.8,57,0,HIGH
B0802,Boiler,15,6055,2,1,89.3,6.7,11.2,62,1,HIGH
C0803,Compressor,2,11271,0,0,63.1,1.4,7.3,98,0,LOW
T0804,Turbine,1,3324,3,1,67.6,3.9,7.2,82,1,MEDIUM
M0805,Motor,11,13819,1,0,84.1,4.5,5.5,73,0,LOW
M0806,Motor,10,10369,1,1,60.8,3.4,8,72,0,LOW
B0807,Boiler,18,10283,0,0,86,6.7,9.7,60,0,LOW
B0808,Boiler,18,14171,3,0,96,7,7.5,66,2,HIGH
P0809,Pump,17,6774,1,0,73.6,2,3.7,60,1,LOW
T0810,Turbine,8,7519,0,0,55,3.6,8,95,0,LOW
C0811,Compressor,15,11983,1,1,74.5,4.5,8.8,59,0,LOW
M0812,Motor,8,2749,3,0,70.7,5.2,5.5,75,1,MEDIUM
P0813,Pump,17,11867,0,1,86.5,4.1,7.3,57,0,LOW
P0814,Pump,12,1781,1,0,71.1,5.5,8,66,0,LOW
M0815,Motor,8,8548,3,0,69.1,6.6,7.8,60,0,MEDIUM
C0816,Compressor,14,12240,2,0,77.1,5.8,6.4,58,1,MEDIUM
P0817,Pump,4,7823,2,0,75.9,3.6,9.1,82,1,LOW
P0818,Pump,1,3105,3,1,65.6,4.2,7.3,80,4,HIGH
T0819,Turbine,1,4867,4,0,67.1,5,6,90,1,MEDIUM
C0820,Compressor,19,8193,1,1,85.6,4.6,4.2,50,0,MEDIUM
P0821,Pump,16,5976,2,1,95.3,6.5,9.5,48,1,HIGH
C0822,Compressor,14,13734,2,0,76,6.1,8.5,55,1,MEDIUM
M0823,Motor,16,3113,2,0,95.5,7.6,7.7,67,0,MEDIUM
B0824,Boiler,5,6879,0,1,64.2,4.3,6.3,94,0,LOW
P0825,Pump,9,14565,4,1,79.2,5.3,7.4,70,1,MEDIUM
T0826,Turbine,2,4970,2,1,84,4.7,6,86,0,MEDIUM
M0827,Motor,18,11183,1,0,76.6,4.3,6.7,69,0,LOW
C0828,Compressor,6,10259,2,1,67.2,5.1,4.4,87,4,MEDIUM
M0829,Motor,9,8264,2,0,64.6,4.1,6.5,78,1,LOW
P0830,Pump,1,2577,1,1,67.1,1.6,6.8,91,0,LOW
C0831,Compressor,9,10203,0,1,82,3.7,7.9,73,0,LOW
B0832,Boiler,16,3274,2,0,98.4,2.6,7.5,52,1,MEDIUM
M0833,Motor,13,5869,2,0,90.3,3.2,8.8,63,0,MEDIUM
P0834,Pump,9,11006,4,0,78.9,5.9,10.2,68,2,MEDIUM
T0835,Turbine,13,7744,1,0,74.6,4.7,8.9,73,0,LOW
C0836,Compressor,9,3426,2,1,61.1,4.3,8.3,83,2,MEDIUM
M0837,Motor,11,14489,0,0,87.8,1.8,7,81,0,LOW
M0838,Motor,4,6546,1,0,67.8,2.3,5.8,98,0,LOW
B0839,Boiler,2,7852,1,0,57.1,3.5,8.4,89,0,LOW
B0840,Boiler,6,13594,2,1,80.6,5,10.1,71,1,MEDIUM
T0841,Turbine,14,14066,1,0,71.2,4.8,7.8,60,1,LOW
T0842,Turbine,4,3551,2,0,70.3,5.4,10.5,79,0,LOW
P0843,Pump,6,7411,2,0,68.6,4.8,5.3,85,1,LOW
P0844,Pump,19,12849,0,1,88.6,4,5.3,58,0,MEDIUM
T0845,Turbine,6,1007,5,1,78.5,6.1,9.8,69,1,HIGH
T0846,Turbine,2,9087,3,0,55.4,2.7,8.3,86,3,MEDIUM
C0847,Compressor,18,3555,1,0,85.6,5.3,9.3,61,0,LOW
B0848,Boiler,13,1475,1,0,85.9,6,7.3,90,0,LOW
P0849,Pump,9,6416,2,0,74.3,5.6,6.3,75,2,MEDIUM
B0850,Boiler,19,11403,1,0,92.7,7.2,7,71,0,MEDIUM
B0851,Boiler,13,9676,0,1,66.1,3.6,4.7,65,0,LOW
T0852,Turbine,11,8239,1,0,74.3,6,5.6,82,1,LOW
C0853,Compressor,1,7710,1,1,54.5,2.6,8.8,94,1,LOW
M0854,Motor,7,6000,2,0,77.5,6.2,8.9,81,0,LOW
C0855,Compressor,15,5654,4,1,89.8,7,8.7,30,0,HIGH
C0856,Compressor,1,9078,0,1,62,3,4.4,90,0,LOW
B0857,Boiler,12,7063,3,0,90.7,7.7,7.4,76,1,HIGH
C0858,Compressor,7,3285,4,0,83,5.6,6.4,76,0,MEDIUM
P0859,Pump,15,6223,1,0,82.7,5.2,9.1,73,2,MEDIUM
B0860,Boiler,19,14521,2,0,81.5,7.8,6.7,44,0,MEDIUM
P0861,Pump,1,7971,1,0,59.5,2.7,5.7,88,0,LOW
M0862,Motor,17,13755,3,0,85.2,5.1,7.9,61,0,MEDIUM
B0863,Boiler,17,4525,3,1,86.7,9.2,6.9,53,0,HIGH
M0864,Motor,3,12531,2,0,62.5,3.3,9.8,96,1,LOW
B0865,Boiler,12,3822,4,1,77.2,6.8,7.1,53,2,HIGH
T0866,Turbine,6,5943,2,0,54.3,5.7,5.5,84,0,LOW
C0867,Compressor,11,7530,3,1,75.2,5,4.7,60,1,MEDIUM
T0868,Turbine,3,12116,1,0,64,1.9,7.3,83,0,LOW
M0869,Motor,8,1258,3,1,65.2,5.6,7.1,48,1,MEDIUM
C0870,Compressor,14,1282,1,0,79.1,2.6,5.2,74,0,LOW
B0871,Boiler,14,14937,1,0,94.2,4.5,9.1,72,2,MEDIUM
C0872,Compressor,10,2898,5,0,93.2,7.3,9.5,57,0,HIGH
P0873,Pump,2,5135,2,0,77.1,3.4,7.6,75,1,LOW
C0874,Compressor,14,7629,0,0,79.1,2.2,9,80,0,LOW
P0875,Pump,9,12168,1,0,80.8,6,8.3,78,0,LOW
C0876,Compressor,3,11459,1,0,56.7,3.3,6.1,95,0,LOW
P0877,Pump,8,4200,4,1,73.8,7.7,6.6,77,2,HIGH
M0878,Motor,16,6110,1,0,60.1,4.8,8.5,50,0,LOW
T0879,Turbine,2,8167,3,0,76.5,3.3,8.5,79,0,LOW
B0880,Boiler,6,1612,2,1,82.3,4.6,7.9,72,0,MEDIUM
C0881,Compressor,12,1687,0,0,68.6,3.5,5.7,90,1,LOW
T0882,Turbine,5,4690,3,0,69.5,3.4,8.8,66,2,MEDIUM
B0883,Boiler,2,9804,3,0,61,6.2,6.8,100,1,MEDIUM
B0884,Boiler,16,3307,4,1,94.1,6.5,8,48,0,HIGH
P0885,Pump,5,8133,3,1,80.5,2.6,10.1,70,1,MEDIUM
M0886,Motor,15,12205,1,1,66.6,6.5,6.3,59,1,MEDIUM
M0887,Motor,12,7509,0,0,76.3,3.2,4.6,75,1,LOW
T0888,Turbine,4,10973,3,1,67.8,4,6.3,81,1,MEDIUM
M0889,Motor,15,6906,1,0,81.4,2.8,8.8,60,1,LOW
C0890,Compressor,11,3591,1,0,78.2,6.4,7.7,79,0,LOW
M0891,Motor,16,11888,3,0,86.5,5,7.7,56,1,MEDIUM
T0892,Turbine,6,14835,3,0,72.2,5.1,7.1,71,2,MEDIUM
M0893,Motor,14,13150,3,0,83.3,7.3,8.6,83,1,MEDIUM
C0894,Compressor,18,8183,2,0,95.8,6.6,6.3,63,2,HIGH
P0895,Pump,12,6248,2,0,82.4,5.1,8.1,75,0,LOW
T0896,Turbine,11,9766,3,0,82.3,3.7,6.8,77,1,MEDIUM
P0897,Pump,13,11102,2,1,70.3,4.4,6.3,49,0,MEDIUM
P0898,Pump,11,6108,2,0,74.5,5.3,6.6,86,1,LOW
P0899,Pump,16,4604,0,1,86.2,3.5,6.4,43,0,LOW
B0900,Boiler,15,1669,3,0,86.8,6.6,7.8,55,1,MEDIUM
B0901,Boiler,15,5364,2,1,88.8,6.5,8,53,0,MEDIUM
P0902,Pump,4,8329,3,0,84.1,5.9,2.4,85,0,MEDIUM
T0903,Turbine,11,2283,2,0,85.8,3.6,6.4,74,1,MEDIUM
C0904,Compressor,19,1923,2,0,90.2,8.9,7,56,1,HIGH
C0905,Compressor,15,2125,2,0,79.4,6.6,9.9,65,0,MEDIUM
M0906,Motor,4,2529,3,1,49.6,4.7,6.3,65,0,MEDIUM
T0907,Turbine,13,10786,2,0,79.2,6.7,7.8,57,0,MEDIUM
B0908,Boiler,19,9438,3,0,89.9,9.8,10.1,60,1,HIGH
P0909,Pump,2,4711,2,1,67.1,2,5.6,86,0,LOW
M0910,Motor,14,9004,1,1,77.8,4.5,7.9,75,0,LOW
C0911,Compressor,4,10752,1,0,61.4,0.5,6.1,82,0,LOW
B0912,Boiler,16,7274,3,0,73.8,6.7,7.1,65,3,HIGH
B0913,Boiler,20,11592,0,0,77.5,5.4,5.8,62,0,LOW
P0914,Pump,14,11435,0,0,79.8,4.1,5.9,84,0,LOW
C0915,Compressor,15,4864,3,0,100.2,5.6,12,69,2,HIGH
T0916,Turbine,3,11131,2,1,64.7,1.4,8.9,80,1,MEDIUM
B0917,Boiler,8,14217,2,0,75.6,5,9.3,75,2,MEDIUM
P0918,Pump,16,8833,0,0,86.6,6.1,7.7,79,0,LOW
T0919,Turbine,10,12261,2,0,69.5,4.2,5.2,79,2,MEDIUM
C0920,Compressor,4,7788,1,1,66.9,3.8,7.9,75,1,LOW
B0921,Boiler,18,1226,2,1,82.1,4.2,9.2,41,0,MEDIUM
T0922,Turbine,2,12739,2,0,70.9,4.2,6.3,86,1,LOW
T0923,Turbine,17,1264,2,1,87.7,5.5,9,66,2,HIGH
T0924,Turbine,13,10587,5,0,91.9,6.5,9.6,66,0,HIGH
B0925,Boiler,4,12749,1,0,57.7,2.4,10.1,80,0,LOW
B0926,Boiler,11,14745,2,0,83.2,4.6,7,63,0,LOW
M0927,Motor,7,1645,2,0,88.2,4.9,6,90,0,LOW
C0928,Compressor,12,8544,1,0,67.9,2.9,6.8,65,0,LOW
P0929,Pump,10,14706,3,1,76.3,5.1,10.1,66,1,MEDIUM
T0930,Turbine,7,6569,1,0,70.4,3.7,4.6,78,2,LOW
M0931,Motor,13,3990,1,1,83.8,3.3,4.2,78,1,MEDIUM
P0932,Pump,7,14675,1,0,64,5.9,7.4,77,0,LOW
M0933,Motor,17,11091,1,0,60.8,4.2,6.6,75,0,LOW
B0934,Boiler,10,3504,3,0,89.9,4.8,7.9,71,4,HIGH
T0935,Turbine,10,11964,1,0,79.1,3,8.7,80,0,LOW
P0936,Pump,4,14537,1,0,50.1,5.5,6.5,73,0,LOW
P0937,Pump,20,14269,1,0,83.1,6.4,4.5,42,0,MEDIUM
P0938,Pump,4,10346,1,0,76.5,2.2,10.4,87,0,LOW
P0939,Pump,7,1587,1,0,80.1,5.1,5.8,85,0,LOW
P0940,Pump,1,13763,1,1,67,3.1,5.7,77,0,LOW
M0941,Motor,12,11013,0,0,71.6,4.1,8.7,70,0,LOW
T0942,Turbine,13,10177,2,0,81.2,4.9,7,73,1,MEDIUM
B0943,Boiler,10,5079,1,0,72,3.3,7.2,83,0,LOW
B0944,Boiler,15,4348,3,1,95.5,6.8,8.6,52,1,HIGH
B0945,Boiler,13,7299,1,1,70.5,4,8.9,71,1,LOW
B0946,Boiler,9,4831,6,0,80.1,9.7,8.3,50,4,HIGH
M0947,Motor,9,10433,1,0,79.6,2.5,9.6,77,0,LOW
C0948,Compressor,15,9381,1,0,80.1,6.8,4.1,82,0,LOW
T0949,Turbine,10,14728,1,1,84,4.1,8.4,71,0,LOW
P0950,Pump,10,10172,1,1,67.6,4.6,6,71,1,LOW
C0951,Compressor,8,10890,1,0,69.6,4.9,9.4,100,0,LOW
B0952,Boiler,16,2715,3,0,80.6,5.7,8.1,48,0,MEDIUM
C0953,Compressor,17,11785,1,0,83.6,6.3,6.3,72,0,LOW
T0954,Turbine,5,13328,1,1,53.7,0.5,8.3,92,0,LOW
P0955,Pump,4,7450,0,0,57.1,1.7,8.3,90,0,LOW
P0956,Pump,18,14230,3,0,79.5,5.7,8.9,62,2,MEDIUM
T0957,Turbine,19,13625,0,0,89.1,3.3,5.5,58,0,LOW
T0958,Turbine,4,6433,1,1,69.7,3,6.6,75,0,LOW
B0959,Boiler,7,2098,1,1,54.7,4.2,7.3,78,0,LOW
P0960,Pump,10,8096,1,1,83.7,5,7.2,76,1,MEDIUM
C0961,Compressor,18,3326,3,0,111,7.1,9,65,2,HIGH
M0962,Motor,19,12439,1,1,86.9,4.8,4.3,66,0,MEDIUM
M0963,Motor,4,10087,0,0,55.9,3,7.5,92,0,LOW
T0964,Turbine,10,7416,5,0,107.6,7.1,8.1,72,1,HIGH
B0965,Boiler,1,7980,1,0,48.9,4,6,91,1,LOW
M0966,Motor,18,7763,2,1,88.2,7,6.5,59,0,MEDIUM
P0967,Pump,5,2674,3,0,72.9,4.9,7.6,81,1,LOW
T0968,Turbine,15,12101,1,1,91.3,3.9,2,65,0,MEDIUM
C0969,Compressor,17,8950,2,1,89.4,5.2,6.5,57,2,HIGH
T0970,Turbine,3,10122,3,0,64.5,3.9,6.6,70,1,LOW
C0971,Compressor,12,13576,2,0,71.4,4.8,8.4,61,0,LOW
T0972,Turbine,2,9915,0,0,55.3,2.6,5.8,97,0,LOW
T0973,Turbine,1,12132,3,0,57.4,5.1,7.6,73,2,MEDIUM
T0974,Turbine,17,7049,2,0,86.9,5.9,9.9,68,0,MEDIUM
C0975,Compressor,16,2089,1,0,77.5,5.1,8.8,74,0,LOW
C0976,Compressor,5,5578,1,1,53.5,3.6,8.7,82,0,LOW
T0977,Turbine,15,10127,0,1,87.5,3.6,6.3,56,0,LOW
M0978,Motor,3,11487,1,0,58.5,2,8.1,100,1,LOW
B0979,Boiler,7,1155,1,0,58.4,1.6,6.9,100,0,LOW
B0980,Boiler,11,10262,1,0,73.2,3.5,7,77,1,LOW
B0981,Boiler,10,2958,2,1,76.5,5.5,8.2,70,1,MEDIUM
C0982,Compressor,9,11693,2,1,60.5,3.9,6.7,69,1,MEDIUM
C0983,Compressor,14,7344,3,0,87.7,5.9,10.1,67,0,MEDIUM
M0984,Motor,13,6779,1,0,69.1,5.2,7.1,72,1,LOW
B0985,Boiler,2,13411,2,1,77.7,4.3,8.5,80,0,LOW
B0986,Boiler,3,7144,4,0,75.7,4,10.4,86,0,LOW
T0987,Turbine,7,6063,1,0,65.3,4.9,8.8,100,0,LOW
C0988,Compressor,18,4830,1,0,79,6.8,5.2,52,0,MEDIUM
B0989,Boiler,3,10046,2,0,64.7,2.5,8.3,86,1,LOW
M0990,Motor,10,9831,1,0,77.9,3.2,8.6,69,0,LOW
M0991,Motor,7,11430,3,1,74.3,6.6,9.2,80,1,MEDIUM
B0992,Boiler,9,10794,4,1,78.8,6,6.5,55,2,HIGH
C0993,Compressor,17,7659,2,0,87,3.3,6.6,50,2,MEDIUM
M0994,Motor,11,1441,6,1,84.7,6.2,10.3,53,1,HIGH
T0995,Turbine,7,7040,0,0,62.8,2.8,5.9,100,1,LOW
M0996,Motor,14,6925,2,1,65.3,4.1,7.2,64,0,MEDIUM
P0997,Pump,19,8358,3,0,100.3,6.5,10.3,55,1,HIGH
P0998,Pump,4,5628,2,1,69.4,4,7.5,80,1,MEDIUM
C0999,Compressor,6,7370,2,1,63.8,6.1,6.5,85,1,MEDIUM
B1000,Boiler,10,10528,2,0,91.2,4.6,6.3,67,1,MEDIUM
